Interest Rate,Probability
1.0,0.217391
2.0,0.312253
3.0,0.256917
4.0,0.067194
5.0,0.047431
6.0,0.063241
7.0,0.023715
8.0,0.011858
9.0,0.0
10.0,0.0
